id,label,name,lcard,department,appt,VehID,Gender,FirstName,LastName
1,9551,Nils.Calixto,L5777,Info Tech,IT Helpdesk,1,Male,Nils,Calixto
2,1415,Lars.Azada,L7783,Engineering,Engineer,2,Male,Lars,Azada
3,9635,Felix.Balas,L3191,Engineering,Engineer,3,Male,Felix,Balas
4,7688,Ingrid.Barranco,L4164,Executive,SVP/CFO,4,Female,Ingrid,Barranco
5,6899,Isak.Baza,L6267,Info Tech,IT Technician,5,Male,Isak,Baza
6,7253,Linnea.Bergen,L1682,Info Tech,IT Group Manager,6,Female,Linnea,Bergen
7,2540,Elsa.Orilla,L5947,Engineering,Drill Technician,7,Female,Elsa,Orilla
8,7889,Lucas.Alcazar,L6119,Info Tech,IT Helpdesk,8,Male,Lucas,Alcazar
9,1877,Gustav.Cazar,L3014,Engineering,Hydraulic Technician,9,Male,Gustav,Cazar
10,8332,Ada.Campo-Corrente,L2070,Executive,SVP/CIO,10,Female,Ada,Campo-Corrente
11,1321,Axel.Calzas,L4149,Engineering,Hydraulic Technician,11,Male,Axel,Calzas
12,7108,Hideki.Cocinaro,L6544,Security,Site Control,12,Male,Hideki,Cocinaro
13,7819,Inga.Ferro,L5259,Security,Site Control,13,Female,Inga,Ferro
14,1874,Lidelse.Dedos,L4424,Engineering,Engineering Group Manager,14,Female,Lidelse,Dedos
15,3853,Loreto.Bodrogi,L1485,Security,Site Control,15,Male,Loreto,Bodrogi
16,7354,Isia.Vann,L9254,Security,Perimeter Control,16,Male,Isia,Vann
17,7384,Sven.Flecha,L3800,Info Tech,IT Technician,17,Male,Sven,Flecha
18,9617,Birgitta.Frente,L5553,Engineering,Geologist,18,Female,Birgitta,Frente
19,6895,Vira.Frente,L3366,Engineering,Hydraulic Technician,19,Female,Vira,Frente
20,6816,Stenig.Fusil,L8148,Security,Building Control,20,Male,Stenig,Fusil
21,9405,Hennie.Osvaldo,L3259,Security,Perimeter Control,21,Male,Hennie,Osvaldo
22,1286,Adra.Nubarron,L3572,Security,Badging Office,22,Female,Adra,Nubarron
23,3484,Varja.Lagos,L2490,Security,Badging Office,23,Female,Varja,Lagos
24,4434,Minke.Mies,L2169,Security,Perimeter Control,24,Male,Minke,Mies
25,2142,Kanon.Herrero,L9637,Engineering,Geologist,25,Male,Kanon,Herrero
26,1310,Marin.Onda,L8012,Engineering,Drill Site Manager,26,Male,Marin,Onda
27,3492,Kare.Orilla,L7814,Engineering,Drill Technician,27,Female,Kare,Orilla
28,3547,Bertrand.Ovan,L9362,Facilities,Facilities Group Manager,29,Male,Bertrand,Ovan
29,5921,Bertrand.Ovan,L3295,Facilities,Facilities Group Manager,29,Male,Bertrand,Ovan
30,6901,Felix.Resumir,L9363,Security,Security Group Manager,30,Male,Felix,Resumir
31,5010,Sten.Sanjorge Jr.,L2459,Executive,President/CEO,31,Male,Sten,Sanjorge Jr.
32,8156,Orhan.Strum,L5224,Executive,SVP/COO,32,Male,Orhan,Strum
33,9683,Brand.Tempestad,L7291,Engineering,Drill Technician,33,Male,Brand,Tempestad
34,4795,Edvard.Vann,L8566,Security,Perimeter Control,34,Male,Edvard,Vann
35,2463,Willem.Vasco-Pais,L6886,Executive,Environmental Safety Advisor,35,Male,Willem,Vasco-Pais
36,2418,2418,L9018,,,,,,
37,5368,5368,L2247,,,,,,
38,5407,5407,L4034,,,,,,
39,9241,9241,L3288,,,,,,
40,2681,2681,L1107,,,,,,
41,4948,4948,L9406,,,,,,
42,6691,6691,L6267,,,,,,
43,7117,7117,L6417,,,,,,
44,8129,8129,L8328,,,,,,
45,8202,8202,L2343,,,,,,
46,8411,8411,L6110,,,,,,
63,Abila Zacharo,Abila Zacharo,,,,,,,
64,Ahaggo Museum,Ahaggo Museum,,,,,,,
65,Albert Clothing,Albert Clothing,,,,,,,
66,Bean There,Bean There,,,,,,,
67,Brew Served,Brew Served,,,,,,,
68,Brewed Awakenings,Brewed Awakenings,,,,,,,
70,Chostus Hotel,Chostus Hotel,,,,,,,
71,Coffee Cameleon,Coffee Cameleon,,,,,,,
72,Coffee Shack,Coffee Shack,,,,,,,
74,Desafio Golf Course,Desafio Golf Course,,,,,,,
75,Frank Fuel,Frank Fuel,,,,,,,
76,Frydos Autosupply,Frydos Autosupply,,,,,,,
78,Gelatogalore,Gelatogalore,,,,,,,
79,General Grocer,General Grocer,,,,,,,
80,Guy Gyros,Guy Gyros,,,,,,,
81,Hallowed Grounds,Hallowed Grounds,,,,,,,
82,Hippokampos ,Hippokampos ,,,,,,,
83,Jack Beans,Jack Beans,,,,,,,
84,Kalami Kafenion,Kalami Kafenion,,,,,,,
85,Katerina Cafe ,Katerina Cafe ,,,,,,,
86,Kronos Mart,Kronos Mart,,,,,,,
95,Octavio O Supplies,Octavio O Supplies,,,,,,,
96,Ouzeri Elian,Ouzeri Elian,,,,,,,
97,Roberts and Sons,Roberts and Sons,,,,,,,
98,Shoppers Delight,Shoppers Delight,,,,,,,
100,U Pump,U Pump,,,,,,,