id,label,name,lcard,group,appt,VehID,Gender,FirstName,LastName
1,1,Nils.Calixto,L5777,Information Technology,IT Helpdesk,1,Male,Nils,Calixto
2,2,Lars.Azada,L7783,Engineering,Engineer,2,Male,Lars,Azada
3,3,Felix.Balas,L3191,Engineering,Engineer,3,Male,Felix,Balas
4,4,Ingrid.Barranco,L4164,Executive,SVP/CFO,4,Female,Ingrid,Barranco
5,5,Isak.Baza,L6267,Information Technology,IT Technician,5,Male,Isak,Baza
6,6,Linnea.Bergen,L1682,Information Technology,IT Group Manager,6,Female,Linnea,Bergen
7,7,Elsa.Orilla,L5947,Engineering,Drill Technician,7,Female,Elsa,Orilla
8,8,Lucas.Alcazar,L6119,Information Technology,IT Helpdesk,8,Male,Lucas,Alcazar
9,9,Gustav.Cazar,L3014,Engineering,Hydraulic Technician,9,Male,Gustav,Cazar
10,10,Ada.Campo-Corrente,L2070,Executive,SVP/CIO,10,Female,Ada,Campo-Corrente
11,11,Axel.Calzas,L4149,Engineering,Hydraulic Technician,11,Male,Axel,Calzas
12,12,Hideki.Cocinaro,L6544,Security,Site Control,12,Male,Hideki,Cocinaro
13,13,Inga.Ferro,L5259,Security,Site Control,13,Female,Inga,Ferro
14,14,Lidelse.Dedos,L4424,Engineering,Engineering Group Manager,14,Female,Lidelse,Dedos
15,15,Loreto.Bodrogi,L1485,Security,Site Control,15,Male,Loreto,Bodrogi
16,16,Isia.Vann,L9254,Security,Perimeter Control,16,Male,Isia,Vann
17,17,Sven.Flecha,L3800,Information Technology,IT Technician,17,Male,Sven,Flecha
18,18,Birgitta.Frente,L5553,Engineering,Geologist,18,Female,Birgitta,Frente
19,19,Vira.Frente,L3366,Engineering,Hydraulic Technician,19,Female,Vira,Frente
20,20,Stenig.Fusil,L8148,Security,Building Control,20,Male,Stenig,Fusil
21,21,Hennie.Osvaldo,L3259,Security,Perimeter Control,21,Male,Hennie,Osvaldo
22,22,Adra.Nubarron,L3572,Security,Badging Office,22,Female,Adra,Nubarron
23,23,Varja.Lagos,L2490,Security,Badging Office,23,Female,Varja,Lagos
24,24,Minke.Mies,L2169,Security,Perimeter Control,24,Male,Minke,Mies
25,25,Kanon.Herrero,L9637,Engineering,Geologist,25,Male,Kanon,Herrero
26,26,Marin.Onda,L8012,Engineering,Drill Site Manager,26,Male,Marin,Onda
27,27,Kare.Orilla,L7814,Engineering,Drill Technician,27,Female,Kare,Orilla
36,29,Bertrand.Ovan,L9362,Facilities,Facilities Group Manager,29,Male,Bertrand,Ovan
29,29,Bertrand.Ovan,L3295,Facilities,Facilities Group Manager,29,Male,Bertrand,Ovan
30,30,Felix.Resumir,L9363,Security,Security Group Manager,30,Male,Felix,Resumir
31,31,Sten.Sanjorge Jr.,L2459,Executive,President/CEO,31,Male,Sten,Sanjorge Jr.
32,32,Orhan.Strum,L5224,Executive,SVP/COO,32,Male,Orhan,Strum
33,33,Brand.Tempestad,L7291,Engineering,Drill Technician,33,Male,Brand,Tempestad
34,34,Edvard.Vann,L8566,Security,Perimeter Control,34,Male,Edvard,Vann
35,35,Willem.Vasco-Pais,L6886,Executive,Environmental Safety Advisor,35,Male,Willem,Vasco-Pais